{"cameraMode":{"drawMode":0,"name":"Shaded","section":"Shading Mode"},"sceneLighting":true,"audioPlay":false,"sceneViewState":{"showFog":true,"showMaterialUpdate":true,"showSkybox":true,"showFlares":true,"showImageEffects":true,"showParticleSystems":true},"in2DMode":false,"pivot":{"x":0.4805421829223633,"y":1.341048240661621,"z":-0.6792950630187988},"rotation":{"x":-0.07539337873458862,"y":0.9057724475860596,"z":-0.18201573193073274,"w":-0.37518322467803957},"size":13.13345718383789,"orthographic":false}